x1,x2,x3,y
-1.0,0.5120627483005289,0.610374086459712,-4.449283893153594
-1.0,0.2963729320313504,-0.6573640255365913,1.0029784602948975
-0.41153496189384,-0.9152288362831151,0.2833519452870952,2.837756472566816
-0.0018400698426856987,-0.500774860690681,0.3461783777801992,0.784058574060696
0.8986984366740323,1.0,-1.0,24.523825098094047
0.9033480247539432,0.08721565074742799,0.27375991745219075,4.1278962560890715
-0.20555357191471302,-0.33721675714675126,-0.3301248444744642,0.17563842504058114
-0.602633901755709,-0.23524026816515042,1.0,2.0480786000666047
-0.7238747939357899,0.30465280151963237,-1.0,1.5603812696187604
-0.7275740505185706,-0.10354284054223184,0.9430183591235446,1.5958772596236528
0.14875119891320776,-0.3024840078471096,-0.7727251606932728,0.5409755456540166
-0.7321355407868728,1.0,-0.22469345051934164,4.958454334327326
0.45947520080358406,-0.7170158523371526,0.15736780853138166,1.131452868827366
-0.2009209264593581,0.015942931461458754,0.18251593631518648,-0.49379063255467204
1.0,0.2172790265676352,-1.0,10.68681528170982
0.634943539396897,-0.1534408267964742,-1.0,-3.2352606646972744
1.0,-0.6037943913448502,-0.5598594137364779,3.8044629053878056
0.658317920501821,-0.7551111417337617,-0.9270125902587312,-7.90718392743867
-1.0,1.0,0.2622309271397889,4.372303183498557
-0.667587548963428,-1.0,0.9263599300936085,2.0568726517962217
1.0,-1.0,0.9441601802951276,-7.870982840334545
1.0,-0.3092594905853385,1.0,7.609822233955911
0.6373049657143779,0.05080967477246001,1.0,0.3189418771654333
0.06609561084341609,0.026417331480283135,-0.10845325264358219,1.437158384338972
-0.6546324156202685,1.0,1.0,16.2931093756854
-0.9735150245736393,-0.8820576005709195,0.7751919393984723,12.559777099311146
0.1885879889978821,0.6914688786816618,-1.0,-4.1363216510711
-0.3263908702792617,-0.2558661348824707,1.0,0.71793972736126
0.06403976136995237,-0.00017807801003066892,0.7845279420835551,0.1240368981167637
0.5530747911807308,-0.7986549222384411,-1.0,-11.290950220613665
0.798092872145121,1.0,-0.42541381862069527,12.281287640340038
0.7932894219433406,-0.8705652684957028,0.22376147728375195,-0.49067798330554935
0.1970808762613121,-0.6648397724610007,0.03118146172035141,1.671304430925213
1.0,-0.3565103932874423,-1.0,4.131426486625739
0.2631794198769113,-0.674724266562833,0.8962389573365313,-1.7083337920193156
0.9704856001236473,0.17491768755397308,-1.0,7.106936823358423
-0.020755659729876585,-0.25898466806459575,0.1446112515035025,-0.12638355291989423
0.0642861487917874,-1.0,-0.052624065135285614,1.9887271141524479
0.3123863205039452,-1.0,0.0954934255064801,0.41160895693001154
-0.15505167372264528,1.0,-1.0,2.7464756988786374
-0.6527348319667625,-1.0,1.0,1.3509465223382318
0.00919113183113951,-0.016267261727161975,0.073885968250891,0.31167986361065925
-0.6526915156551991,0.18793757244927378,0.8135136302036154,-0.07389212114433863
0.08920682532511548,0.6820823360830088,0.33109917483410034,1.3722687930507553
-1.0,-0.2075428259742429,-0.029014718674645446,-3.5803566279939325
-1.0,-0.7449542402400682,0.28623682099479786,3.3682261351665836
0.18144947988989912,1.0,0.06624469804272026,7.871402348210117
-1.0,-0.27873095269226766,0.09540017738358086,-3.9984298130738725
0.3899861253225214,0.46783713135815863,0.15054690355940803,0.9195494216742394
-0.13224343306871877,0.06008664031479993,-0.17759952690045044,0.9084038928109202
-1.0,-1.0,-0.809785053022251,3.065322409470887
-0.08336803401462034,1.0,-0.6467138304466926,9.085888538493702
0.269432488830986,0.5204428939010359,-0.4178921342239632,0.9490758866606168
1.0,-0.04101888197168346,-0.5412255086745983,5.300982749278188
-0.17132017804489807,0.03980075653050008,0.4784980442392235,0.39020357629095953
-1.0,-1.0,-0.0990818552608368,6.841383202206363
-0.8343690808712614,-0.17836328777766086,-0.3451190036828946,-0.7493897226213133
-1.0,-0.4187520424026552,-0.6825591680679197,0.901270054510372
0.32440288671633244,0.43574217575256835,-0.014153604316102353,0.7492498160446661
-0.12781829619090712,-0.23576498697570214,0.18131906632968375,0.6207908905413262
-0.5453723119479428,0.7776779881408951,0.40230477273713516,-0.37944509084062417
0.5139706056257038,-1.0,-1.0,-22.437013388010225
0.4803433680977025,-0.8581945590304851,-0.29395628075163094,0.8313679471417249
0.030159676123160395,0.6998330730305582,1.0,6.594253211633828
-0.1985789803412692,0.9458101036267446,0.20640038878509714,4.987737064318421
0.10396347214192625,-0.08587589705190668,0.31043647891213877,1.5362756990319606
0.12484565927951508,-0.7008755823638795,-1.0,-9.007081083432452
0.7519613200760658,0.9435701592910215,-0.4120053142611828,8.050061634039446
0.09180164360123988,-0.12427004362882177,-1.0,-3.7778739799133727
0.85182128505773,-1.0,-0.8458486578721667,-16.478226024782565
0.9514555018825008,-1.0,0.9098865422913942,-7.071167369079715
0.34663836038702533,0.7781143856477994,0.7573130473598864,3.7085582344516723
-0.6859552564486981,1.0,-0.7040025373322945,3.0149014334198934
-0.9726130555722798,-0.8386427269907013,0.28153599969145593,5.168499761749386
-0.09779033940740622,0.529454803441866,-0.7245163423837819,0.16651347197509064
0.23642628105631114,0.4854928234586813,0.4866693797038948,0.7169946165930418
0.22675748061037493,0.5660535640701931,-0.09986030216825159,0.9491915789393002
1.0,0.9416661491773701,-0.08066496940884571,12.837931649580792
-1.0,-0.4781971410189121,0.24692393164509285,-1.753753661075574
1.0,0.9507815935961399,-0.12903708736395791,12.500393329628071
-0.4757983333185478,-0.3694955264999027,0.4461854197913253,0.2877851806171229
-0.29115577509276136,0.7989098679794848,0.06484187054434942,0.02939764132116951
0.3503494593495382,1.0,1.0,9.858639129965649
-0.005921197468099715,-1.0,-0.5823549350971751,-1.565864868148374
0.9167986958722967,0.8327696477025177,-1.0,13.41707279038622
1.0,0.7046092340932049,-0.7407733930492852,10.427396195349756
0.2875685363207392,-0.21467397965288537,0.8796313044240183,-1.688315641818122
0.30878753469005815,-0.8355400827024129,-0.7278026863078824,-1.26807845909246
0.43951074420608016,-0.949326359418569,-1.0,-17.841777585791696
1.0,-0.9751433951830617,-0.40988665219533504,-8.096524644376501
0.22208248289908283,-0.3904446448048702,0.6835624843831376,0.0810104530674054
0.8112719522065932,0.3843594645306301,-0.060756137400528765,3.111810524336762
0.9171461439832911,-0.060198803680540536,0.9742464101882842,6.507114718657438
-1.0,-0.2313033162978233,0.6698569769086271,-1.3083012683755217
-0.2989589772858334,1.0,-1.0,1.7005321552271635
-0.5312980636013369,-0.7594524928547994,0.3689925150777078,2.2048757837051753
1.0,-0.5970947400269377,-1.0,-0.32527389801358253
0.05377079979424071,0.26593174541960507,0.4593293493251458,0.6716004869345744
0.10717419624983271,-0.17993660759652252,-1.0,-4.2022458335866055
1.0,0.8848670210379255,-0.10846130147319366,10.76706833129655
-0.24562633187831096,0.6356475144365665,1.0,6.16225510192294
-1.0,-0.15983602514477058,-1.0,8.994840178595995
1.0,1.0,0.5145240647881353,13.547707677265654
0.3630230479058947,-0.6815125777929856,0.5800732313900345,-0.4747210059542842
1.0,-0.22566801633314526,0.4641965995666324,6.103668804173083
-1.0,0.924537080017044,1.0,14.674633534315964
0.9892650357844461,0.4073722382041758,-0.3892021854690686,5.800286735080835
-1.0,-0.6386556573776652,0.13090045374905412,0.9539035189801842
-1.0,-1.0,-1.0,1.6326247646286045
-0.22634332944244884,-0.5298661438125885,1.0,-0.6097219446610603
-0.4423840798488847,0.9832531066986592,-0.6504790808215992,4.60496489472804
0.2071158617920763,-0.2250718204584392,0.5523260540318862,0.7847899138897203
-1.0,0.2171580868155325,0.16317541756967602,-5.302496361477996
1.0,0.8764737029076373,0.2767572960486222,10.763931604624773
0.4756720434681041,-0.4802526709266206,-0.2836084449035048,1.7597099884999732
-0.4720627991143449,-0.12142670821813395,-0.4784919609621763,0.37746275681637004
0.034616514698196266,-0.16707287818748306,-1.0,-3.332725273856311
-0.4728487814162834,0.8238915647640377,-0.08461159764257364,1.4231436694137958
-0.3031709426244853,-0.6315051416389228,-1.0,-5.6904852334110085
-0.16712713652313993,0.7844374737616888,-0.2678664657599539,1.7108526692141497
1.0,-0.3902334462338122,0.6588441203980913,5.863260609569303
1.0,-1.0,1.0,-8.72240692980153
-0.6121442458090263,0.31553912275965046,0.19372247819108823,-1.977940911307955
-1.0,-0.5857495264543915,0.22262563117018908,0.9028656864748946
-0.4209876341752392,0.4543341779299752,-0.04577078051684724,-1.3681182968256635
0.10872676110672641,0.4046860331397366,0.29467518588418673,1.0459689959272125
0.054839593592280744,0.09525860047035573,-0.03225171175001029,0.5252914712061103
-1.0,1.0,0.7683522741136042,2.5804170608162305
-1.0,1.0,-0.4530543373806266,12.467141861109418
-0.9531937950261382,1.0,0.47243312831719675,1.2152483602237407
0.6798122757667464,0.9122105997042054,-0.044879821491331295,4.9770741517945805
0.48863855933208566,1.0,-0.3544009163886943,10.756052429015773
-1.0,-1.0,0.47821588683287586,12.019180143870967
0.26011160529239485,0.5319450717237622,-0.7885309444193989,0.21080802538511062
-0.4812063413482046,0.16390024471974218,0.6651916653399848,-1.410822976113669
0.6182560686708083,0.19330073929722746,0.5284736312746827,1.4590531908781164
-1.0,0.023709725552542693,0.2619384881286895,-3.774584590600875
0.3019971106449273,0.39227822385247246,0.4456008315496771,0.9250816060977441
0.8597461402142388,0.8688607126206358,0.09484322982149185,5.618091496789991
-0.4457265814454292,-1.0,-0.8579737293089456,-7.508174280557283
1.0,0.029429762323981423,0.6230143133074246,7.421284022234554
0.954652705774728,0.30827940868984993,0.30626793218412507,5.450657315136881
-0.5513156223335822,-0.6898404146868626,1.0,0.7880068931643933
-0.6072291025945131,-1.0,0.0565512056206241,5.550964695886899
-0.8518916353631807,-1.0,1.0,9.564894638452229
-0.8247227044726664,0.7380361057807234,0.36645666788525944,-2.8997945884424445
1.0,-0.7214672013534982,0.35180440954548575,1.948496668382045
0.1779398629405866,-0.1702946059593926,0.18858766905209357,0.9288449484507005
0.9747066082645943,0.3068262478454642,1.0,17.405474269448252
-0.5470235062487177,-0.8202822410279449,0.23228832208452244,2.936631773263328
0.8010610978840529,-0.1882835886446934,-0.6355741406246249,1.822209411470741
0.10004110937781219,0.8272676754034274,-0.9005292403582306,0.25699854005643913
-0.7242257286744,1.0,1.0,16.25162395653242
0.48774494070736685,-0.40420218005339303,0.47253838120907954,1.461631612646229
-0.6533426016523716,0.9571708426266698,-0.6046562998972731,1.8488955246591565
-0.02946732718962264,0.0315532060219752,-0.2931591005602996,0.7643775029170973
-0.04260274176045953,-0.2116586829777627,-0.8023038852128799,-0.44920750066653736
-1.0,0.17048476208324193,1.0,3.9428017702693974
0.05811296805194477,-0.5674817182269625,0.7518079876089403,-0.6218939999384089
-0.4092738430047802,-0.7184025442804747,0.43863995561251357,1.1566571923376672
-1.0,-0.5240331268334195,0.3818855088344715,0.8569660844566458
1.0,0.29523469068871444,-0.4825235740881091,4.545759560883271
-1.0,1.0,-0.4164985358624498,10.937613139152148
-0.5624519792399907,-1.0,-1.0,-10.805718609279142
1.0,-0.32247637658065464,-0.7524257802839394,6.785212048648657
0.919866456200499,1.0,-0.9442864200764443,26.641642180501524
-1.0,-1.0,0.1505565702142848,8.719842907277817
0.8530600052124644,-0.31397158182943663,0.657050341692119,3.041646866041106
-1.0,-0.25883299468398824,0.6825947456244545,-1.3144808597716229
0.21290128180794832,0.5448492830354252,-0.0256602008747977,1.1078734631926903
0.1119825022574572,0.9323598102516533,0.3310517214078419,5.061908695581738
1.0,-0.6559416406994769,0.14169009598809157,2.9489051986102495
0.3361671206216885,0.8544751890360012,0.8430967575101955,5.80393330729215
1.0,0.747007598986319,1.0,26.035223767543105
0.56038540139782,0.7648904492349773,0.1992705103963197,2.1013317236224216
-0.9834751443485226,0.4613719667190379,0.30845783106914504,-4.036331253987392
-0.040171695627395865,-0.3172622064848687,0.7728683058493775,0.29472792664556635
-0.7412538233740837,0.23284074321221526,-0.04796049297316807,-2.0624242693404713
0.7278887279264374,-0.011332195998864147,1.0,1.8845512864754368
0.7016515586279337,1.0,-0.9496742783808076,13.558465926976709
0.6933184592844239,-0.9870873147526784,-0.016682738548108533,-1.1048919986090153
0.7811198563692872,1.0,-0.17369535312712148,11.593477526325598
0.5948695595953104,-0.018215080737279177,0.06330793592080819,2.3082797678022127
-0.1260035121534704,0.8943599544815879,-1.0,-2.2121956477994584
1.0,1.0,0.4156661940820534,13.75898220515841
0.1968707550303368,-0.19638690180345675,-0.025414843884265625,1.0093818351406854
1.0,-0.06750511610074184,0.5685007998814502,6.146848824734667
0.31667054119391613,-1.0,-0.48679220903949405,-1.7293052390189696
-0.578174319837367,-0.7100099174337648,-0.8876164583879627,-1.2148763836385628
-0.8756778067244544,-0.3489621629793438,0.3410698806162409,-0.33604096513529624
0.4438544221928309,-1.0,-0.527719177902352,-2.9510266226719843
-0.5683133306803361,-0.85785291507698,1.0,0.34443062717903916
0.8596678594929152,-1.0,0.5850408170291239,-3.502949361297466
-1.0,0.15412074018760413,1.0,3.650378003858852
-0.03213159783014197,0.886008646208418,0.15230094947269057,3.675379882039594
0.5901070804011985,1.0,-0.4231436481449955,10.86442335234823
-0.24615835423168186,0.2036191663272069,-1.0,-2.795957064566133
1.0,0.8845698353247307,0.8153185484723251,18.993229043535585
0.11698950722024626,0.5188778780936125,0.4655945709909137,1.2134628645897192
0.22177590648685275,-0.8553207493388104,-0.3156588563969953,1.58514057350297
-0.28147739345970035,-0.6217116603643795,1.0,-0.8988518488132085
0.9651144004583416,0.04250673959939877,0.16777423651636747,4.106144220130212
-1.0,-1.0,1.0,21.444055202427947
0.2229889727564658,-0.6769512572852463,1.0,-3.3348705812095654
-0.13371456657826797,1.0,-0.17286359150879682,7.745670900379328
-0.8484039280141968,-0.01851798279090011,-0.7911759774546328,2.669547396525942
-1.0,0.46107340873756186,-0.903373095142594,10.712781127740588
-0.2072102861047982,-0.3212318958317666,-0.6426849529172147,0.47504652351949
0.6153619298072572,0.518452480811056,-0.25730075479537806,1.6652279198644688
0.9621375538500077,1.0,0.5191547942547323,12.954549408509104
-0.12267204334875603,0.7269697321254727,-1.0,-3.251287511382895
-0.3801602711419252,0.594374351050464,-0.06071921119458468,-0.5737386727894802
0.2923430613556306,0.8745096680674704,1.0,7.534823599495904
-1.0,-0.19399221463753458,-0.05818900006209082,-3.6233617990933995
0.3790090169033282,1.0,-0.710448559235721,11.220853614936134
-0.6405881724067453,1.0,1.0,16.27692769640077
0.19216562487969724,-0.794501689575446,-1.0,-10.613324157892606
-0.5475265478801434,-0.8595979801446205,0.5537646941458396,1.7758451697141546
-0.4114044753470094,0.25363405254153526,-0.8096871258642353,-2.1218932658452863
0.3843314248645515,1.0,0.46314017361894466,6.7765617423693385
0.44771339398922905,0.35030315572197535,1.0,2.3868551745189426
-0.43727083342185336,0.13785887159155563,1.0,1.7190893215360246
-1.0,0.1514216050502406,0.3243570391762822,-5.088917284875135
1.0,-0.42260988308883074,1.0,5.71736853757581
0.7286884145354364,-0.8176419042272352,-0.08835109985646694,0.33255645823814034
0.1205053359695738,0.25364524692466994,-0.26609811814311946,1.3579147007076702
-0.3391232429100961,-0.23555984965465426,-1.0,-2.9572824201797485
0.2623932685237831,0.2072647331304751,-0.682046176803822,1.200701840260603
-0.3347765584833673,-0.00786098285482062,0.30162711821848376,-0.17869541933364497
0.19130377381726027,-0.8719684235861309,-0.8404818147545041,-4.710601810160913
-1.0,-0.9403866957250142,1.0,20.39325835514827
1.0,-1.0,-1.0,-29.04598517310324
-0.5830421462296871,0.9313549741839837,0.9847644254952326,12.77476838219296
-0.27517383690440633,-1.0,0.2074243946489489,2.85285561771929
-1.0,0.7099404309381072,0.40132143429555645,-2.425719001904475
-0.5111014236092251,-0.35573368057319654,0.7138052919936582,0.3666333930785806
0.6613503646781465,-0.9918984772998056,-0.2171420038784726,-1.9659695468715603
-0.99042869789956,-0.5326703371828514,-1.0,4.55690945493742
1.0,-0.5293974705554314,-0.6836290278678037,5.949732485578817
-0.008263299611254382,-0.6213644149969353,0.2931261666522762,1.0887434645204335
1.0,-0.884402993132106,0.403617737347721,-1.851143355969362
0.10369570459601807,-0.0472997259946033,0.9802363824618066,-0.05879208415873427
-0.5883888205991701,-1.0,0.3609179228090307,4.0289654934498085
0.2918828804462681,-0.382758548040419,-0.03167352862127637,1.2626314818672437
-0.77628544605497,0.6210898673128551,0.14547133640518473,-3.0001290346751373
-0.1200491623124702,0.3203027520696091,0.01520706585640652,-0.09057434321743048
1.0,-0.7115029525445071,0.5102904670345276,2.666421387375255
-0.7521443426558958,0.17568735990331485,1.0,1.4003920452604415
0.30841442828749766,0.493239851848017,-0.9846391618026413,-2.2973810745206498
-1.0,1.0,-0.4185223840359402,10.694812870252552
0.9964744807028714,0.15084185332833355,-0.7368570856610381,6.110101537772878
0.43974978611754567,-0.16884952267605535,0.3622606249630551,1.8409900892130144
1.0,-0.05059891933244076,-0.21275834895962698,4.910958221852954
0.6428356618390274,-0.24758959130982716,0.9700538598334971,-0.14491624732240782
0.3858743427559701,0.8503540707426493,0.3304873499447125,3.5843279761667888
-0.7745990658283293,1.0,-1.0,3.66247604845352
1.0,-1.0,0.3376203606238224,-8.226285342754489
-0.847654623482686,0.44431113982243753,0.2118883047615745,-4.408125976587872
-0.754739797778363,-0.08539266006641943,0.23445233899559215,-1.5794180652944632
-1.0,0.21089189942218622,1.0,3.899406560285661
1.0,-0.08379770267456599,0.04069068662970077,4.755925272935533
-0.8619094061026202,-0.49338314631213986,-0.33493443673158096,1.5293879615612482
0.41448437270027805,0.6943989551660628,-0.023618278053382014,1.8757646540287967
0.30471314308222275,0.7184725891299033,-0.06330533444315845,1.240671076843425
-0.5536961119190378,0.8423611520746288,-0.2429576530490769,0.8707116982892851
-0.27421599750896086,0.007434873026151534,0.422501908037173,-0.06846719890619135
-1.0,0.7830402019495264,0.1301944294928481,-0.34969808253287593
-0.36153152883895023,-0.7260839289427983,-1.0,-5.94295973191291
-1.0,-0.37266262018618534,-1.0,7.0517948097737655
0.40021386605316445,1.0,0.19466581036677155,7.105650642074646
1.0,-0.3104096011686992,0.730176854362002,6.883511626710198
-0.5571125627165965,-0.1799284216579098,1.0,1.3342519333557046
0.027148870051429075,1.0,0.18575515956885424,6.996171565689334
0.9712383950271339,0.7252036701474904,-0.3528614926299236,5.483659517522173
0.5054381259387752,-1.0,0.7291114138886623,-1.5254450150975103
0.0031134667543899486,0.7168280470251402,1.0,6.001987658466597
0.7665288023372947,0.04766601493482292,-0.3274951516648541,2.482913434601992
0.7821810832459972,0.7913703853582048,0.4231047028958401,4.614127711747054
-0.5578757788929163,0.2957261406428884,-1.0,-0.7174575415306018
-0.3935429082766799,0.8533121143926157,-0.20677088745358163,1.6910799603591937
-0.3392527954065434,-0.03308465083756018,1.0,0.6872606367240772
1.0,1.0,0.732409476298215,17.201367052513167
1.0,-0.6976924485730107,-0.6760507215153002,3.1996764972368523
1.0,0.5942760040701045,0.09744257303050774,7.95251801475896
-0.6482846115924141,0.24635620854120166,-0.5384224293205035,-0.4675602025412672
-0.22583620358103462,0.28606832180352604,1.0,1.4959638423429833
1.0,0.321457110559632,-0.00789617193528791,5.031813025914531
-1.0,0.8064051293201178,-0.783570129422686,9.929343143986534
-0.16327464051547214,-1.0,0.31479937195468977,2.5400347016365905
-0.803688160330795,0.36501687959274776,0.2659123680341542,-2.5928630248693345
1.0,1.0,-1.0,39.69927126389468
0.4586613440184455,-1.0,1.0,-6.975069419208865
-1.0,0.2457295281234082,-0.12681832595117548,-3.781777696090827
0.9580746111248497,-1.0,-1.0,-29.537986972796105
-0.3231260922059733,-0.7197717140665383,0.9115390682084274,-0.325905479199207
0.40705695547327836,-1.0,-1.0,-20.844326484264222
1.0,0.3257694925073178,-1.0,10.198277537660992
-0.11008669409104188,0.19103567821111578,-0.24394823822086265,0.59166381110101
-1.0,0.3381364254367609,1.0,3.7420099025963016
1.0,0.5886637475265553,0.7758842205698226,14.847646985774393
0.20163882697550695,-1.0,-0.13253405436877386,2.7489090532161757
0.9378856217069933,-0.7378632531083864,0.008711137561116189,0.8931737550689757
-0.8105740651265996,-0.5088148271850994,-0.3132880821496955,1.0274832391371436
0.2858137792961557,-1.0,-0.23759362300391973,1.6794256220278099
-0.3775810672120663,-1.0,0.059244809233405915,3.4604237013939625
-1.0,-0.2885291338735043,0.6119644828392521,-1.015231075748404
0.9450374883552275,-0.07083372711352243,-0.026245497261795148,3.543487805631755
0.13250309874452082,0.6920926807806338,0.489584705057738,1.5798714950622001
0.3000279793658933,-1.0,-1.0,-20.102004237970032
0.9636167285000738,-0.012675530585623873,-0.36164850999200526,4.2515986755308735
-0.7139704979720494,0.7503179925785515,-0.0226110293304711,-2.8164526369623397
0.603665852704018,-0.6996522632783926,-1.0,-9.686462815308017
-1.0,-1.0,-0.5483201728664362,4.980296006973324
-1.0,0.19416907868671718,-1.0,13.880609423210691
1.0,-0.3737439769483275,-0.19927188109795435,3.4338554057967174
1.0,-0.6206597447572966,1.0,3.7153827039159246
-0.5512434850234067,0.034546156244195325,0.7249020090779055,-1.262664586509863
1.0,1.0,-0.46672375654388065,19.141131032052947
-0.08906621570805573,0.2802805714326835,0.44837296252298664,-0.12031076824199076
-0.7485735889770606,-0.050526833943615124,-0.47512079212840086,-0.10940015047681562
-0.9661816617444969,0.27552964595074436,-0.12609346980680458,-3.6451182055761966
-0.39878279273830985,-0.9476910603302016,0.5824771844433609,1.1753342991548088
-0.28567040124290544,0.6730567358353716,-1.0,-4.526479606594344
1.0,0.9734888068414289,0.9894469682982898,26.13930122428638
-1.0,-1.0,-0.31148946750040496,6.270183319766471
-0.94581922129347,0.332425054437679,0.48278482047068816,-3.77955998827523
-1.0,1.0,-1.0,22.148934025105046
-0.45043680886561277,0.09620171879782258,-1.0,-1.4905340146065242
0.8424833411228303,1.0,-0.15072147242443834,10.349784971327749
-0.24934240508960914,-0.8465464130705855,1.0,-2.3646907876490824
-0.20586405970293153,1.0,1.0,14.323630625998442
0.07332471992141887,0.5670930172544715,0.6496987986526594,0.7829269835988063
0.5674770335505785,-0.0042384624975992935,0.08558034195501363,1.4341112208098832
0.546417531385005,-0.5912131756585317,0.25893815078868854,0.6923918876719248
0.5154074666509751,-0.12862885944874636,0.19068573541003242,1.3687681401417053
-1.0,0.7284847517682558,-0.41035647140306586,3.148628013769146
0.04203021952058106,-0.09223860651405058,0.1492665077559907,0.788936294605681
-0.7501204620831319,0.15636395392321667,0.2571909543285311,-2.3259008800583842
-0.9561513299178233,1.0,-0.44072753947077037,9.831527046747194
0.40587256577379205,0.22759649617717304,-0.19542662973679525,0.9229958564100784
0.31348043458398567,0.39388718261235667,-1.0,-3.2582496944839043
0.572312782193463,0.6973369080903822,-1.0,-1.4705910340263082
-0.19555776313751538,1.0,-0.0960061973326658,7.525162921444135
-1.0,-0.7498079813784799,-0.2819678871768674,1.686884378023237
-1.0,1.0,0.5786082741270853,1.209336070890886
0.2333609126788958,-0.7284944336037469,0.02774321524293155,0.49398492560113105
0.9456597094303485,-0.06764233245444373,0.7727368931258254,6.797529443722943
0.6751697469903122,-0.14952665025591783,1.0,0.265549039577458
-0.9104670286763665,0.30096917180666494,0.44297123713381814,-4.508999140022658
-0.6468035226188327,-0.6609267402187216,-1.0,-1.6480130101622303
-0.04283139138767145,-0.32150710561398044,-0.5913966094377874,0.8044639295677893
-1.0,-1.0,-0.37532743251982303,5.4632899165521795
1.0,-0.21403391529466753,-0.018458992110558903,3.9173814268781766
-0.8175655998586349,-0.7302921337418502,0.8554723584399351,5.667779894398012
-0.3140894521124238,1.0,0.39226210315531573,6.975822784733762
-1.0,0.007370222248915814,0.07589246874599986,-4.7034049197175
0.20432718092668667,-1.0,0.3650426427677651,1.1649077280440812
-0.43336623486673487,-0.592408213265154,-0.6196514015746712,1.0407352076164467
0.10298525590373875,0.4582614215662053,-0.8172055740441957,0.19443610528889443
-0.24334595397878167,1.0,-1.0,1.1489205612849154
-0.7103861785082344,0.893478225862562,0.004345234298298362,1.047943203890556
0.5118964134503348,-0.11019646107183112,-0.7356131852008734,1.6619802233535839
-0.9172882512920832,-0.8738345376099061,-1.0,2.5269531643620633
0.06176278997062812,0.32204662891023683,1.0,1.1979814791262786
-1.0,0.6160716178372525,-0.09895933419112324,-1.5105579596360206
-0.011660715692248802,0.9721277724256729,0.1470608928633408,6.108827193678217
-0.12969151306078408,0.10274153505837225,0.22319630287845915,0.28038961735640255
0.8376765861740803,-0.22194064128854274,-0.115817882580872,2.0380123564157997
-0.5890082384437123,0.058313053992997244,-0.09204363512919556,-0.8415319206588953
0.4560515918969492,-0.1384261355870251,-0.5682515111678053,0.825161903758115
0.8970727786526493,0.3302183432352519,-0.8043202069472577,3.9072659702551285
-0.1738442150200643,-0.5080771564816162,1.0,-0.2616770544226016
-0.7292737004315586,0.667529595893831,-0.007293909560582179,-2.3455702850638804
0.617124755521357,-0.782277843933771,-0.5914999446512512,0.42664094292278953
1.0,0.4514094493804981,0.01962105070590714,6.042816063833023
0.831594268371092,-0.9209399566398497,-0.06537369424908257,-1.2941298246273014
0.4770650326174688,-0.7846090305587297,0.23131245079388907,0.24507298464401106
0.7510852130372618,0.7253689731412969,-0.36595624800646553,2.5347286182303046
0.021136250976387272,-0.6426952408603077,-1.0,-7.173120883119362
0.030717279862358726,-0.3502969978340644,0.2720604571006229,1.156707277496448
-0.2966834800424314,-0.5999121146431055,0.24554153167652437,0.818233138917632
-0.301020775841667,0.0825940670747467,-1.0,-3.667341252080447
-0.1553529227490944,0.7214905620782959,0.16254030892127957,0.6223654094390946
0.5918348820995558,0.04519885717427452,0.9110763103329194,1.0819321475229726
0.7651371971708465,0.8637633808570218,-1.0,4.712280681140878
-0.9595294927218503,0.055384455831934964,-0.3938146814125716,-1.296501652146787
0.905954353836774,-0.6515008424152895,1.0,-0.6962478534893272
-1.0,1.0,-0.510684853726687,13.039618831966502
-0.5550265775332248,0.3562135014903831,-0.7769303428706722,-1.126994255451883
1.0,0.8807525893652925,0.5985212206089396,13.372006455877294
0.7489439645493134,0.4598231008894853,-0.0753842943730787,1.4357237573653188
-0.4883154780915555,0.9100214193902005,0.6848475662852525,4.304089498406067
-0.1130375210823813,-0.4414913521427988,0.5511084221135991,0.13196756579364988
1.0,-1.0,-0.005899393375571771,-8.46263002545745
-1.0,-0.6752798172780334,0.3349846946267683,1.9415026094748606
0.5263769666803859,-0.12623889234093877,0.9561113852897751,-0.6829066697932117
0.5884584712768692,0.21230538844650737,-0.26026320073874865,1.5489546142887458
-0.720899595043581,0.28095991300194756,0.7375015564949194,-1.0597562059118475
-0.9684540260344583,0.18376385772800208,-0.46204754021971284,-1.2827405728893289
-0.2744211986287164,0.5457404164671935,-0.2442056683788707,-0.14882163731962428
1.0,-0.19672813762736685,0.48783185095552706,6.650430158512466
0.5212788221602469,-1.0,-0.019858418846908865,-0.18724344073203014
-1.0,0.8129151060680189,-0.5026252074949711,6.011846744143921
0.5065566419085483,-0.6159909579688028,0.6171097339949738,0.6982735076210815
0.07553533499176401,0.292802730770366,0.9566685543362956,0.8921375366651112
-0.3599850591311593,-1.0,0.8810319401707887,-2.3602022707712105
0.848604686836328,0.4285114605359801,-0.9271420974781832,3.327167661923248
0.5707083732262586,0.5489446850985815,-0.04828976397767182,0.5880661297255937
1.0,0.09403977252047069,-0.0728221666972253,5.321935645537433
-0.13183593381291003,0.4906321361959023,1.0,2.6801659903143444
0.3956552306245198,1.0,0.699029633121433,8.724747881089906
-1.0,-0.4360955682916452,0.06070282385203707,-2.102607737638212
-0.0235067493043577,-1.0,-0.2812318116954933,1.7084490612947008
0.07726398212899155,-1.0,0.8185130679556591,-2.308844176360425
-0.6368562249811016,1.0,-0.5476962535102308,4.7666619840050695
-0.1485079551357551,-0.4802139364354068,0.6730398433257612,-0.26239244312799803
0.07738862240210764,0.4990284362470001,0.5683999419167938,1.2098378868314268
0.4632385796401248,1.0,-0.7078712161773071,11.739514143208615
-1.0,0.36225444492088643,-0.3133828389327835,-1.3619695670153804
0.04958788158176297,1.0,0.632666454374073,8.276390646230752
1.0,-0.44563366646430413,1.0,5.757400268984094
0.13136050195819649,0.11647876280911973,-0.23749617484735253,0.31525407131797245
0.45447220076080663,-0.9891749121273994,0.3485658606363613,0.1225524463670278
-0.3429875556297184,-1.0,0.5106558601440068,1.8281401417422092
-1.0,0.09233187115010288,-0.5728200938749433,-1.1694138700254664
-0.10837456842024795,-0.8171937985020197,-1.0,-9.520047691916535
0.7816923800041209,1.0,0.5507113281463689,8.700498236394901
-0.23858638531556076,0.5827300726779188,0.3723212357753505,-0.8236182197940759
0.4062423657791663,0.26795713845944413,-0.34709315913099625,1.2514861491993314
1.0,1.0,0.4002792245359532,14.006555947105996
0.816896967384279,1.0,-0.10117534302085796,9.978957582225197
0.8479910438144425,-0.4989232601065299,-0.17792622040881634,1.6673323045035549
0.24364621351515448,-0.3589189926630352,-0.310231184228273,1.0912483217218767
-0.09786485645446685,1.0,0.22583361785219203,7.525568613870892
-0.050570679214789305,-0.31389829472760433,0.13504827351053406,0.5633719850531917
-1.0,-0.8381422776757692,0.7631643975943763,11.50723568716618
-1.0,0.14461536774657224,0.04449608238497027,-4.815947262869501
-1.0,-0.23732419515623748,-1.0,8.32674936889611
1.0,-0.34413611807034483,-0.37572914472928454,4.881093509228793
1.0,-0.9611525843470987,0.04949727403476789,-5.6336976864150055
-0.48050583118470946,0.7044372142842097,1.0,7.5900402693934
0.3872314348191672,0.8857943909111836,-0.2024810364935079,4.516361148901752
1.0,0.1019461070231289,1.0,13.598541903628822
0.061884311965658245,-1.0,0.34272411847675377,1.4433475538129075
-0.9059656051047313,0.3654836967818422,-0.5132738580468115,-2.036186666480326
-1.0,-1.0,1.0,21.721845737556947
0.3240220769627158,0.13000646019847717,-0.18568994347043466,1.4098754229581323
0.2446698264908862,-1.0,-0.15540183505591987,1.1619395608335918
1.0,-0.10305433287118482,0.238799445249128,4.8022035020265115
-0.7941900903274874,-0.05198901554778934,0.919505421072397,1.4902593916662878
0.04335769369782394,0.7804908035290801,0.15467886540223397,1.4975128004506235
-0.8471156054960787,1.0,0.729136423437607,3.586910467518437
0.8972761629767949,-0.9050502962541009,-0.9980851931608328,-17.34928951761712
0.2943504530123049,-1.0,-0.9527594234004257,-16.787003829229114
1.0,-0.536238749185072,1.0,4.417444808928297
-1.0,0.025575973885645142,1.0,3.4315567860058955
-0.3916050165181302,-0.4579100164096177,0.4333402741121122,0.13119365985595904
0.48558416052004505,-0.22917237492078835,-0.7817928196405184,0.6367684318299127
-1.0,0.618454933319327,0.0490795331524152,-2.008079605220374
0.6787623329234793,1.0,-1.0,10.942867797466905
-1.0,1.0,1.0,17.649546301539388
1.0,-1.0,-0.7361802365971171,-15.186337855171766
-0.013510157811818413,-0.19978200807566937,-0.31455977979399674,1.4069726193673193
0.9073920802073794,0.4926835644145615,-0.1448170611329671,3.583658828100779
1.0,0.9489347711568932,0.18268474216538544,11.980866373245506
-0.7183785294694038,0.2659104242200576,-0.03406675087169786,-1.8321172888177473
-0.46050385380474324,-0.6766806447720664,-0.6933926516608879,-0.37603573867047774
-0.9032573007077813,1.0,0.031196380223757814,4.912391124997529
0.9488892057512237,0.34090020714208635,-1.0,7.6861682013858905
0.42585254981904175,0.6012936471139791,1.0,4.292241294686482
0.1614028130352545,-0.7800240800735581,-0.18677242298890984,1.4157219568624426
0.4810845532913528,0.5490388549963181,-0.7535080044678482,1.3433603337571576
-0.8592658029035856,-0.8885139982402637,-0.5048398760222674,3.8174197886847514
-1.0,0.6234432644168906,1.0,6.369714747240054
0.024489056681416654,-0.6664466928776296,1.0,-2.8522023922775963
-0.40303169838356356,0.14311841328415653,0.6263905882555387,-0.18294968222438623
-0.5233954065946012,-0.9938861480305601,1.0,-2.6130075522486056
-0.6790373314607419,1.0,-0.6100166398126383,3.452808381407737
0.4193360845205978,-1.0,0.15662563417650843,-0.10822002775720108
-1.0,1.0,1.0,17.150137565797728
-1.0,-0.4319958991777444,1.0,8.070749732110055
0.5711653133476524,-1.0,0.47326493539308867,-1.264857222816915
-0.10212572616184179,1.0,0.7322318103382632,9.75750312778493
-1.0,-0.08278535700935641,-0.2878338113888692,-3.6127445858661393
-0.39658933168566324,1.0,0.3009771271440582,5.6495225645394305
-0.44453203727530743,1.0,-0.7035398073583923,6.235002639081026
0.42848916012688854,1.0,0.490210927340919,6.566996095995594
-1.0,-1.0,-1.0,2.9014293586844344
-0.7527034210954975,-0.6140948391051841,-0.02212983149582559,1.4883387771223437
-0.33512517466406777,1.0,0.4341849605647503,7.739854667958903
-0.7542333990196297,0.02381086475187688,0.502848828744336,-1.3741081298185474
-0.5226110419984755,0.4785366365548993,-0.8922987573104328,-1.7977380090349921
-0.7875907817421208,-0.8038085719573413,0.26504899464246834,3.2642727823994337
-0.5262539784323512,1.0,1.0,16.044573188333587
-0.822606533044385,0.7875471061796873,-0.31199287874932224,-0.9643855729747064
-0.2440908685290175,-0.7428367139022796,0.31537339642899354,0.8787591636609149
0.638257775482798,-0.6081598634747012,-0.6247708890582251,0.3373146510654434
-0.07160608175139793,0.9611451662625663,0.8991947590257863,9.739773035920447
-0.038094300504393,0.7962604325108924,-1.0,-2.8481359554336407
1.0,-0.6997072535055979,-0.8898374086160881,1.7518184453228924
0.047757696095944935,1.0,-0.8921394704363514,7.534509693929834
-0.17695301540342112,0.4176261472511529,0.279273344585264,-1.1252126120630292
-0.19479658819840773,1.0,1.0,13.568435670585886
-0.18064650237493907,-0.0992474939834671,-0.9886970678006868,-2.767276844827311
-0.7614230685388375,1.0,-0.7515820277609824,3.517450225481485
0.21552113649333426,0.010871538859502206,0.1373934603886393,0.9725140261835717
-1.0,-0.1916699318765298,1.0,4.45901837652908
0.9815640164148287,-1.0,-1.0,-29.93273887764831
-1.0,-0.4594873766374086,0.5340564406757409,0.32512572250661176
-0.032102527925992996,-0.8343168514262573,-0.09677015662386257,2.6050693329154155
0.8726085241402386,1.0,-0.9701579250516885,22.885757907149976
-0.10804205904246689,1.0,-0.011757776481184923,7.9716633204456455
-0.25384946449193757,0.8232438826192008,-0.7301655914657041,1.3097457256547984
1.0,1.0,-0.7496274744589511,27.196817071347578
1.0,-1.0,1.0,-10.146501582928831
0.436375551548021,-1.0,-1.0,-21.168154106000525
-1.0,1.0,-0.11476820028279522,8.89896269164728
0.1284434366175966,-1.0,0.707274761211961,-1.1140836422088454
0.052649876602479884,-0.16397683047010903,-0.060359121302787866,1.1153547657077096
-0.7496685766979334,-1.0,0.8582914931227856,5.700330993854939
1.0,-0.6811154315419443,-1.0,-3.549793508995867
-0.907324412303443,1.0,-0.6310005873715232,7.292182549263583
0.020213718534902947,1.0,0.5853593854326657,9.11104200284458
0.8033025792279127,-0.4777789938019601,-0.6017592029346222,1.461620308369398
-0.2541716410036041,-0.5900339089971474,-0.28944699471849566,1.5848745030885336
-0.19785474458062424,0.4303390519521839,-0.786770905885714,-0.6633382558068781
0.6862671207594098,0.6867595478057029,-1.0,-0.5021238888497292
-1.0,0.5348451700615668,0.18067339803470328,-3.7954323832992585
1.0,-0.5003748839678595,-0.4475439715686951,4.09225518802287
-1.0,-1.0,-1.0,3.164924203274586
0.1102910942090376,0.2292992068238744,1.0,0.9464383483766072
-0.025026420992981357,0.7392810570373549,1.0,7.248153354239202
-0.354292772830453,-0.47497435830278034,-0.8421148732572512,-0.7496847266550863
-1.0,1.0,0.2708535136187662,4.218967893169419
0.43233530221958083,0.45452213114662676,0.6750386498550949,1.185685529824475
-0.046457171500976946,-0.1256475310846803,1.0,-0.21208091477035465
0.816070253612051,0.7348935095585538,0.0005887281644507691,3.918380182208335
-0.13410826367730055,-0.35108117211545986,-1.0,-3.466077709493281
0.745512857140705,0.1845061069825633,-1.0,0.1427776783586412
-0.38206234503493497,1.0,0.482855708291531,6.507124811418696
0.501543372713452,1.0,-0.24036907561378795,9.094253017456357
0.28970019157450766,-1.0,-0.46641322985564715,-1.3039596196783898
-0.45620477898889455,0.6921377804257809,0.31002480066805127,-0.577291280118031
-1.0,0.8472446090183154,0.02251332586491417,1.5878724603689514
-1.0,1.0,-0.6146176314841583,13.062534311946909
0.4000545946590808,1.0,0.8620108820437709,9.500527679151034
0.9730022443539335,0.2555297464747919,-0.33003932311961726,4.334559457720432
0.6414903369089857,-1.0,0.3775667881543141,-1.5060129922196084
0.2251464961704941,-1.0,1.0,-6.775422596553892
0.6420701084741851,0.481556820781204,0.4070919191258784,1.4417586561044566
-0.20959622618730966,-0.3844893503697011,-0.24885818451696107,1.1640074605035833
-0.8099743392163405,0.38004480972973353,-0.8021805644593272,0.9396377374950213
1.0,1.0,0.7891966893321389,19.040172232413923
0.010617069222679687,-0.25476838402650426,0.07808903883411755,1.9375308127103805
-0.645006304567757,0.059165782217574625,0.14851679512107285,-0.5640734165622875
0.8931762405043218,1.0,0.693217778325238,12.499146654807195
-0.042509863630954214,0.5187740297129049,0.4459004005446976,0.9051647088602077
-0.08120313577005911,1.0,-0.5360469073497522,9.445700151882328
0.20464221318986708,0.3392615009560236,-1.0,-3.068394911277019
1.0,0.1453086021504275,0.03934351672760772,4.173274730282725
0.09613928765862334,0.3646183453563543,-0.17968152362753242,1.2152512321586435
1.0,-0.8551458753268462,-0.4892845799704977,-0.48693972245488315
-1.0,1.0,-0.7566488889011125,13.52606406302385
1.0,1.0,0.7536119632632852,17.878534472756858
-0.27528980954203375,-0.7033537672427588,-0.2003573083228165,2.114167067782141
0.10082655434252308,-0.04150229997201449,1.0,-0.23394471810907347
-0.058699391497025744,0.3416494835240602,-0.7410489592176168,-0.08708218321157643
0.24024923087780992,1.0,-0.12662234855627363,8.341432132753392
1.0,-0.8591471361681027,-0.3610021825398173,-0.830576315039616
-0.8467456492677834,0.6044501049049924,-0.7875604435998171,1.715307860541042
-0.813877992432462,0.6498973646648563,-1.0,4.022220522418568
0.023979394514232144,-1.0,0.29745967715691246,2.20384916328349
-0.6294896045926162,-0.46366383185446347,-0.03208996295237143,0.895739284330357
0.26616810224731813,0.8922050079858521,-0.08557089606372537,4.18087129181307
0.21289465484977743,-0.9336329686385547,-1.0,-15.61294633193774
-0.015396825615047849,0.7033217265782254,-0.007966836055239623,0.8193983630263931
-0.6400710679522696,0.10932906791373509,-0.982128969963135,0.5258590220668149
0.5120724876300156,1.0,0.7184960183426305,8.226243757076727
-0.12602022756871456,1.0,-0.5786474415921488,8.301636008008588
0.47005281601263715,-0.090953191406967,0.03956353523917411,1.2184546878587863
0.04592150200994083,0.2325712398929114,-1.0,-4.0098147226354826
-0.6863001414192862,-0.5439402914607565,0.010202216513941709,2.068996188793031
1.0,-0.4309502532030258,0.31043422232119156,4.88762303595837
-0.36314886458065176,0.06291762137617019,0.1233813148912144,-0.6070656589718646
-0.3724886438824979,-0.2700426116228678,-0.28502829395486273,0.46102114171455305
-1.0,-0.6245152327588441,-0.5342385414526691,1.2126630895337078
1.0,-1.0,1.0,-9.859710735341467
1.0,-0.4255918730732413,0.5651630685679498,4.959836083892572
0.32655131052741604,0.2665200664445544,-1.0,-1.9481063846487425
0.040238934650479674,-0.8889364816236167,-0.6860193976944553,-2.2179726249586675
-0.3499749333134159,-0.24586547622438837,-0.2912134632512795,-0.8135187667566772
1.0,-0.47851857044942836,0.7981312848032971,5.705961447974433
1.0,0.052524967089380814,1.0,13.688511391745774
0.6672057434523797,-0.2526809064180513,-1.0,-3.4624630352090757
0.12494814047769376,-0.5049309274295057,-1.0,-5.652031153019342
0.07223449890283762,-0.14767025774534925,-1.0,-3.7167435983522967
-0.22479737127994937,-0.8000980060748448,0.6933317346743397,-0.6156656468571411
0.8699562865653785,-0.793462770486651,-0.1708230483262303,-0.048255016334002004
-0.24992831624085476,1.0,0.42341705163785126,6.915459550811116
1.0,-0.9426037012097368,-1.0,-19.805441763875443
-0.448135546273966,-0.19268988886561766,0.8267570021602839,-0.2614677818771042
-0.7248157520564733,0.00510932374659423,-1.0,2.7549045480913605
-0.022527233657233525,0.0073725964921225184,1.0,0.0669179313365863
0.5218126821246349,1.0,-0.4517992205388366,10.972617716659688
0.4530422325652579,0.32443228427893067,0.5965091798783915,1.781561677903714
-1.0,0.7767395947537752,-0.23831635427265274,2.6558546362103663
-0.4307414398362055,-1.0,1.0,-3.3409357442813437
-0.155327979806418,-1.0,-0.46107998358279545,1.6925824848348896
0.0001413639973437686,1.0,0.7404385601113193,9.332912911754951
-1.0,-0.461875731894446,-1.0,5.680927541032544
0.6817657827600685,0.34699099648007214,0.10343494711993095,1.5627200918259636
-1.0,-0.3123863669665923,0.1300537203203984,-2.9183778314063678
0.27188067069796307,-1.0,0.5243574261005917,0.3641745880778191
0.1102791323018848,-0.20839078604850858,-0.2848752952916058,1.6704104182383661
0.12400651069063606,0.6673843427277366,-0.1384319411245012,1.7477792555276164
-0.43061493503872805,-1.0,-0.8062103210752631,-5.450478093537439
1.0,0.27069429445594295,0.8943748527125466,15.34677692992701
0.6228441184902429,0.7552689463713085,0.6770940180217051,3.821767726626019
-1.0,1.0,0.2651128140806063,4.440480620153612
0.03246812980742808,0.7552026037175485,-0.5232785034705663,1.7385538281873316
-0.5813295171377606,0.7131549186291295,0.030920827548958973,-1.0946510248486891
1.0,-0.2218986601328341,-0.5211470839946413,5.677711465555386
-0.9768841768672989,-1.0,-0.6708472316465173,4.356133715823596
0.7721765686948963,0.10001975309651501,0.64130333365842,2.95227648071653
-0.874452790422346,-1.0,0.12232861617762691,7.490645669640922
0.1437237343447093,0.2545818775037978,0.837123529203917,0.4153517244374541
-0.0023252351285629747,-0.7824586578582333,-0.18686584385240979,1.5701090936438515
0.8286071324248099,0.1632323646961562,0.008347634203999865,3.4700067603986398
-0.4691969735878545,-0.18251766956933357,0.43949541324657027,0.16270550548207274
1.0,0.15596665558040135,-0.20322675397081547,4.580194898791781
0.09874040619845093,0.04289984812369507,-0.43082617015750824,1.1729115592072568
-0.11497253968548726,-1.0,0.5785110042865174,0.7386269109641274
-0.2001047437197636,1.0,0.15154859233696882,7.730884666040634
-0.6254338910819135,0.7615074237208028,-1.0,-2.406263101493249
0.2693929437456315,-1.0,1.0,-7.110347941157723
0.8799502549817417,-1.0,0.580370315474724,-3.855537609646169
-0.4765745676790851,0.8998398082095771,0.543467524585298,3.056551751498725
-0.7622635825046729,-0.09495512262540462,-1.0,2.454470004002143
0.6276266920742795,0.09575800456652694,-0.39656099889665475,1.8578914923143122
0.07571187980120131,1.0,-0.42370577847534685,10.26254200580281
1.0,1.0,0.7101791460340223,16.210520280822237
0.05709845765429811,1.0,-0.2320749537061486,8.915473113032103
0.38555802359546476,0.030744177349131263,0.4647003169203445,0.7216552658257138
-1.0,-0.8702612405373076,1.0,18.516524998702984
0.2826883092557295,0.19012644849968496,1.0,0.4412559865543721
-0.6982468263776653,-0.27624139476701637,-1.0,0.862448432546108
0.17829529106167752,1.0,-0.47113429083006686,10.434947858388927
-1.0,-0.9083003311292299,-0.9838174298255924,4.8781872537841915
-0.5884049682217241,-0.9402678245238454,-0.16919799542169112,3.554046055060216
-0.37943155584756894,0.7280093185743703,1.0,7.694364091906898
-0.2712488101671653,-0.007588567840930205,1.0,0.7476812449765885
0.6182826968316437,0.39696488490682924,0.39759281967661075,1.90333109101884
0.5346655884959313,-0.94495331295428,0.2456657036842771,0.3959875299714441
0.7091020961443701,0.32883351708296726,-1.0,-0.7468811265672692
-1.0,-0.8923840664194695,-1.0,4.772881262372479
0.32584720235481734,-0.6108765001919576,-0.06702011726117907,0.8754204724406158
0.5076914684171334,-0.03872152803366502,0.5268421265688545,1.358828428209844
-0.4316521244988425,0.44877063150475016,0.2636401387668361,-1.8698754439776615
-1.0,0.14410008558435639,-0.31255873753956775,-3.282954949079627
0.2701932160612923,1.0,1.0,10.623027974090528
0.128524036100103,0.40919070291010495,1.0,2.5839111046877132
-0.22849363149527413,1.0,0.4630684122932578,8.525328295985709
-0.0017129125750763308,-0.19157839978008306,0.8935735698966414,-0.9127494282472508
0.4000784431979616,0.7707251980115468,0.3928227018348798,1.7541569574813267
-0.4719030334569523,1.0,-0.37922362146984345,6.179850123709891
-0.772931512471142,0.18844512194632013,-1.0,4.00247985401977
-0.734899190974426,1.0,1.0,15.878157350338745
-0.3045967474810969,0.46467279975828557,0.31522159067710165,-0.35874275822870805
0.5495135205275095,0.5361707300181187,-0.005621198577558273,1.6390185293308899
0.8271235883723929,0.39230534265065065,0.743110899230973,6.544992528198209
-0.2761090607052983,-0.659679994627882,0.6253888650032475,0.36652843016920267
-0.9797264007809021,1.0,-0.7856199373717909,12.436618259528476
0.6083972081544966,-0.9882911273220321,1.0,-5.877019995676088
0.011829347507255505,0.1229023032785963,-0.41041145804504997,1.0381062808020256
-0.9986098385342737,-0.868956900570186,0.45766761646430965,8.246983506009478
0.4963794687744021,0.19908908904551414,0.37002512639182106,1.7254676497633292
-1.0,-0.1373477935088998,1.0,5.149717609016165
-0.7122215904729383,-0.9351823365925607,-0.5619889864586483,3.220197150092871
-0.060581068284691675,-0.7228961020576452,-1.0,-8.483342684976268
0.534001112687347,-0.9745655562380537,-0.4714705269592552,-2.4132500674675796
-1.0,-0.45576398994046396,-1.0,5.797288880705968
1.0,0.3977726947988396,-0.022437427981780056,5.671471321803974
-0.608934323314819,-0.12767194828773554,1.0,1.27541252503608
1.0,-0.175763408429624,-0.013865159687096451,4.638898272476229
0.7034470136811004,0.1561265067656945,0.44269671828172275,2.087238250200089
0.8263957626452716,0.014726282964805382,0.8204252854689023,4.139660534757147
0.4827170242194596,-1.0,0.22819500839384288,0.46882414611481604
1.0,0.5536910373880728,-1.0,12.998007888119476
-1.0,-0.031608807607177214,0.15007863575797886,-4.8517534537477776
-0.42401023174415786,0.43819729384750117,0.03188288654688409,-1.523841266633843
0.9390361212294889,-1.0,-0.3556117385700861,-7.905669159782061
-0.16095527717436697,-0.5995265981110323,-0.8922781423811139,-3.348223809000558
0.419423881580125,0.16707202378566666,1.0,1.8515974673307576
0.0271430040284788,0.33984508175271966,0.7416807146757873,0.09668679400466257
-0.744769439686636,-0.39803947556093355,0.28324646361473715,0.5567230149370075
0.18507520895097618,0.802214436352187,0.2964485574968301,2.24403579214166
-0.1320400805022417,-0.7749652683529733,-1.0,-8.518015260709229
0.22403475132238615,1.0,0.4261678818732675,6.416781383140344
-0.9581153442948018,0.7116423354347838,0.9054899176176952,1.9716789398154306
0.5980457687269098,-1.0,0.21815676885791402,-0.697545993696054
-0.8220188444682468,1.0,-0.8260354609566722,4.232919111300306
0.49471635755835863,-0.40889513981925374,-1.0,-5.938892332051201
0.943199710592497,-0.8220083965528278,-0.02986874704048592,-0.48216201218803434
-0.25568450886144745,1.0,-1.0,1.9276264690551863
-1.0,-0.6586308336192763,-1.0,5.264709123490584
-0.737399474989026,0.9515710376153235,-1.0,0.762312968823272
-0.551261584490079,-1.0,-0.12047089331975669,3.8938877199916258
-0.11183817899896487,-0.9698043419695321,-0.23219640136643172,2.4610869743264563
0.13183191961454455,0.20080323161651892,-1.0,-2.7651099771421412
-0.13575221842743646,-0.04271869542712459,0.3164780780858343,0.4817322618208368
-0.40875280150999127,-0.013756030227883187,-0.5365582089108039,0.8602604478941751
-0.26917750709332644,-0.5476460361013211,-1.0,-5.018190471253302
-1.0,1.0,1.0,17.066582206434102
0.011228449691830455,1.0,-1.0,4.183856332430911
-0.5170252570322731,-1.0,0.6358993433444544,2.821577097811155
-1.0,-1.0,0.7284647389030272,15.9481825945193
0.8483399999564885,-1.0,-1.0,-28.162640426443165
-0.998852839943952,-0.4799579308561954,0.09685617423786752,-0.789080367271602
0.9828774567210119,1.0,0.9088895919291393,21.567818761748494
-0.5914017241247493,-0.7388119444225334,0.5623733999276417,1.5850212381050197
0.13390910439212478,0.6134947885838582,1.0,3.829382143736771
-1.0,-0.033640407584079934,1.0,3.8070378336853774
0.05832218005924994,-1.0,1.0,-7.20255303170049
0.4997699005985583,-1.0,-0.3441652737502252,-0.6292607853656185
-1.0,1.0,-0.5940212974377104,12.387837912081041
0.7146515480988525,1.0,1.0,11.988137599430884
-0.7219442297806409,-0.5441891993192076,1.0,3.610945625013293
-0.47062943285640957,-0.17641471753990823,0.43207508846523157,-0.5238130756879077
-0.05031342760702695,-0.014604961496825997,-0.311000880758332,0.08855222970867627
-0.4170732746920083,1.0,0.44443210769516583,6.212715554257644
-0.9509150753328537,0.19340001357285774,-0.1680541729180538,-3.7446127225244843
-0.6320382526505295,1.0,-1.0,0.5878583886459432
-0.033909435895402185,-0.908293750374958,-0.3561589060967525,3.013380269381608
-0.5436892039888463,0.9071362491719972,-0.23356842075995687,2.6879478315383976
1.0,-0.47447889584581127,-0.07971853391410932,3.602012859542374
0.7242021677301256,-0.8173745811635114,-1.0,-13.13701642635171
-0.5125438318074453,-0.4211424221700706,-1.0,-2.113284499014941
-0.25599495833991215,-0.265794107497614,-0.6224795963571623,0.12120663189802433
-1.0,-0.44806562208531076,0.3346156101848079,-1.1241715249109827
0.5119036937347381,-0.36470866342294883,-0.43088247933047796,1.394939473474651
-0.2269889105629619,-1.0,1.0,-5.726068561233622
0.9950614909560167,0.8709435753982764,0.16712384202818908,10.3726075283981
1.0,-0.06024193342501616,0.06721808627603165,4.864814578098014
0.8332972526831739,0.7547679724765977,0.5491066726309353,6.425739365875969
1.0,-1.0,0.022138320485073804,-8.02710135196014
1.0,1.0,0.9745336891475487,24.67720666799848
-1.0,-1.0,-1.0,2.1375694623716126
-0.3193642923057918,-0.45994781920772354,0.1881629826178366,0.9612135935728867
-1.0,0.17530549245101223,0.46080538797247095,-4.886634162987622
-0.16076007514410473,-0.22963050806911767,0.14978883980857471,1.2615134794938219
-0.4260242046291687,-1.0,-0.21250822245449674,3.504221139184601
-0.6564924719033323,0.6866566806447365,-0.09065591218873514,-1.5835806858108397
0.5193762918611216,-0.8744148234154145,-0.429528249116361,-0.10523217425095227
0.529013312909447,1.0,0.06399072922826199,7.820490265482064
0.7406835563387355,0.5331367473255433,-0.01144653754689351,2.5225247128667805
-1.0,0.0054520332254512915,1.0,4.024187874044751
0.5900121478095841,-0.09205047000691335,-1.0,-3.4625916843196083
1.0,-0.483212629698061,1.0,5.091942516556382
-0.10450486368354306,1.0,-0.48263411177538607,9.519228510066968
0.8981910724629336,-0.7935437648923769,-1.0,-9.9097096707191
-0.4142857158014326,0.6036844777202612,0.7846018942947028,1.699737110323333
1.0,-0.406537261546394,0.8099772811637551,6.758216266447521
-0.7145368855688288,0.9287648254994036,0.4382210094055581,0.976427316592032
0.6519642347760499,-0.47375776678731363,1.0,-2.0225904161226405
-0.668027858133625,1.0,-0.9717443352353525,1.6267117941677713
0.7992571134791471,-1.0,0.08389635660948391,-3.0001525613236217
-0.858415911999048,1.0,0.2156411697623346,3.5106091433410795
-1.0,0.07341540153160331,-1.0,11.032860237671551
0.889614783950883,-0.21406978784789077,0.19849001391662457,3.186081750385536
0.9178810155990931,-0.6619533492764165,1.0,-0.6359806714832998
-1.0,0.5891136603100966,0.1124841327039483,-2.710250190700952
0.4566924279093614,-0.022514618774396755,-0.3557896962176976,1.5804627491097545
1.0,0.7974711968162171,0.7050900553618087,14.57924375301055
-0.7427431315269681,1.0,-1.0,2.2612340235926
-0.547308931621912,-0.028154264908302418,0.6840691502825818,0.04868636926348252
0.19326133427947445,-1.0,-0.16859172471847628,2.072147159453669
-0.16961088033948846,0.6038622916514698,-0.06265100596307693,-0.6229583443481751
1.0,-0.7528897768065619,-1.0,-5.506086232014459
0.4120681621101785,0.550981770739611,0.3358710680812853,1.3721169850048662
-0.5983045895809693,-1.0,0.06185394009038814,5.016494172613004
0.38547739724888164,0.4919207895888189,-1.0,-3.007752403317467
1.0,1.0,0.2501770663670566,13.357593912270412
-0.769768081827995,1.0,-1.0,3.013693097050034
-0.6695297671050771,0.8344044698233681,0.7759274294511245,2.3296044074905553
0.2195185369788466,-0.24166415604783809,0.7935998331786613,0.20774969024842985
-0.7055410303288618,0.48360212574943895,1.0,4.724460109588591
-0.5080475672814548,0.8357720374986861,0.685042227338388,3.5176699899391113
-0.22345361159666854,0.2878458538359583,-0.43418701539060867,-0.8795318221423726
1.0,0.2103310124688489,1.0,16.72459550497384
0.5102622533983034,-0.2205628830449431,-0.5400428859940187,0.6403715051275827
0.20816003196136834,0.48925038484161165,-0.8762595005333189,-1.227799925586093
0.8286787921740106,0.6889427517437952,-0.15545031968263845,3.06655332464759
1.0,0.8686777061373718,0.32937363890481697,10.863056878024102
-1.0,-1.0,-1.0,2.9955665792399557
-1.0,-1.0,-0.8943454572716878,3.377604880920344
0.41103966283681226,-1.0,-0.5626703981349654,-3.155759533742202
0.048254597663057286,-0.863693476215107,-1.0,-10.843430801394405
0.08840207548204204,-0.8067628360743937,-0.5272838550496133,0.9494262652710398
1.0,0.939574757901346,-0.6615751320590955,18.176219097674363
-1.0,-0.576049169465473,-1.0,6.218813452047374
-0.7532385887340916,1.0,1.0,16.05061260101622
-1.0,-1.0,0.397611252416209,11.60390974287252
-0.23611005556559017,-0.34399161373931464,0.6582443862085419,-0.344597733328827
-0.9783278163671401,0.3755588849926115,-0.4396273551326455,-1.2926713260735778
-0.5045050073995783,0.1866393660873249,0.5621930027424831,-1.6891657482988465
0.48051985194030067,0.21550403966626508,-0.9170197996300715,-0.6115383251994319
-0.689473413486688,-0.2252126522302449,1.0,2.4514344585240093
1.0,0.6034468080802764,-1.0,14.591880241712017
-0.4303402967742629,-0.8110661187394388,-0.16884050160954223,1.7625204812988624
-0.17429737741314888,0.04880936163144822,1.0,0.8100504038903026
-0.6870005163803614,1.0,0.4631114427433689,3.3984232802793524
0.5596448788065029,0.1903064950223896,-0.23995158274026407,1.2427148984296692
-1.0,-0.02136867563226108,-0.33765367457419315,-1.9510926631280054
-0.07962996288224145,-0.2889440193876356,0.5374863393576683,0.834642361691114
-0.07053666424444982,0.4738737679436369,0.19197306535679304,0.23894224928188085
-0.4986444406161539,0.05665616738847179,-0.3283997141295121,0.14306463648676682
-0.8548600775580604,1.0,-0.6783276988251778,4.441578542273291
0.11879414235190766,-1.0,1.0,-8.221322044169547
-0.25352641798597286,-0.2844076530764472,0.4206945233710573,-0.06638554032138294
-0.022697898512312964,-0.8112458844108112,1.0,-3.057548932746094
1.0,-1.0,-0.22626702766188989,-8.503235761530753
-0.11702651810340914,1.0,-0.2555462421655623,9.271416683973372
0.255612889386019,-0.0028829130575001027,0.1310482771417476,1.5489588483266234
-0.3917577625827229,1.0,0.271135121650554,6.096738693622409
-1.0,0.06061561870608867,-1.0,11.577289989935974
-0.43736619793417253,0.24651805772023505,0.9221809414542139,0.971694737521348
0.28185155237481707,0.2618466970040325,-0.953051384616941,-1.2536789884620654
-0.8425397512977284,-0.9282431151795261,0.1746145739656504,5.604873566201572
0.3395949602188504,-0.04208516719986055,-0.5505558223362188,0.7667312349207711
-1.0,0.17732669698867665,-0.34911383915551086,-2.8265089089193176
0.36284474812919143,0.18893072452063442,-0.4992650470819888,0.7476235227050252
0.04811784695185928,1.0,-0.04692540074091811,7.898599146913245
0.7831974932736929,0.11696761146247048,0.47324703337906504,3.0223288902354946
0.18448606488474728,-0.9692094588156981,0.2501044615795107,1.973368784134814
0.1566157217680133,-0.34451726549167483,1.0,-1.9531255477954221
0.20879816373546323,0.8960983351218621,-0.23464791446865285,4.701905403098862
-0.7370106745639113,-0.6233932281938661,0.4263856604325278,1.3373402731406605
1.0,0.8882098250367951,-0.6622930631321584,14.704497543563557
0.47630574101820655,-0.8828318517438198,-0.3201360043797632,1.54783736185335
0.7933683640762479,0.7898758017228233,-1.0,4.224369403759916
0.2929256144942931,0.7235459915074156,-0.24992516485831695,1.4646441944539417
-1.0,-1.0,0.5124874381733417,11.817591867587213
0.5957544921473612,0.861893284439101,-0.33236495041359215,3.553359961904257
-1.0,-1.0,0.9013172227917068,19.334645774400453
-1.0,-0.5701076992816623,0.20911061292177924,-0.17395665326781118
0.248212323557913,0.44405294291338016,1.0,2.6273726064457
-0.023087162682685625,-0.3237832738595774,-1.0,-5.379227533458988
0.7958057387343362,-0.00958247037826987,0.47540678903855604,2.3861888930945203
-1.0,-0.29019011659940097,-0.11146468572151269,-3.522513782094248
1.0,-0.46278692454112136,-0.06743017371570548,3.8377047080061284
0.5993641102910565,-0.8661357258789817,0.9005649872576296,-3.185968200791751
-0.4956569535616522,1.0,1.0,16.417640120280318
-1.0,-0.7253332583504577,1.0,13.427789250700073
0.8200799558555905,-0.367116855763141,0.911349689802236,1.0101685002452725
0.14526316112901005,0.5059316756528662,-0.13015221199226956,0.8644337989725969
-0.0387282467076302,-1.0,0.958142700276249,-5.802474405319853
0.2900926479284913,1.0,0.8699745681137718,10.05666276890104
-0.800776820283263,-0.1999323355387792,0.43294506892342155,-1.041702374066859
-0.5547131585350025,-1.0,-1.0,-10.931473209159565
0.04645489381717627,-0.2861616306495165,-1.0,-4.437352863207061
-0.2858046192922754,-0.3654359020438158,-0.655943210986778,0.48838800954477624
-0.36140602148179646,0.19475990663283116,0.48066811862419945,-0.22869712171323187
-1.0,-0.4244448180633431,0.27754100357977096,-1.6467937134086446
0.15713460107122645,-0.21885154385138517,-0.5034555137481103,1.1289014609064099
-1.0,1.0,-1.0,21.44527534109856
-0.4710180779974602,-0.719104247406182,0.20975644108053326,1.4983623387314087
0.40846810384008325,-0.06353338941471698,1.0,-0.6277730662702625
-1.0,1.0,0.25130454516785994,4.747371925000938
-0.2440892126050891,0.42578683905478765,-0.8294910365554293,-1.3593088581293404
0.42974772268730477,-0.6005321184844619,0.5215567523483342,0.23367940711362312
-0.5162348692844383,0.5642588407134588,-0.3157938161763483,-1.863067182221855
-1.0,0.4929669547911566,-1.0,16.972384303879448
-1.0,-0.9234492047406522,0.3934038644415794,8.656495401569261
0.5716828374572744,-0.9491433580667175,0.002243708281734813,0.2667872114592881
-0.31507448489398016,0.3946013465094522,-0.9748378796103572,-3.842937689722056
0.005429380015549823,1.0,-0.9346414045477633,7.061827997643906
1.0,-0.1926679273247236,-0.08918254843515827,4.939440362703774
1.0,-0.45049515561240927,0.32406326495952564,3.589913324820769
0.698506824855389,0.5543534184358307,-1.0,-0.44378112151264865
-0.3784343120921647,-0.7269050502804892,-0.4787101664401632,0.5420505263262296
-0.8880733130278415,-0.42062171775826585,-0.5089871760273619,0.546182535761066
-0.19483281008334075,1.0,-0.401044755283712,8.070531014206667
-1.0,0.13295694673613956,1.0,2.5154291351714404
-0.2867634328874371,-0.64346645478994,-0.7263496090446417,-0.6102117832455549
-1.0,-0.963578608817363,1.0,20.742654125140042
-1.0,1.0,-0.5816451673253875,12.208806913377249
0.2530828209284859,0.999020510278567,-1.0,5.770767278281466
-0.9145623787296131,0.28843725253542485,1.0,2.8803485914893336
1.0,-0.5081280038535048,-1.0,2.3703721946113596
-0.8372657480534331,0.9924566481066144,-1.0,5.238903089374632
-1.0,0.8469056030657562,-0.6217114858048127,7.330907898605656
0.403731374584966,-1.0,-0.7227906315258092,-7.594636891204576
1.0,-0.4982545859652596,0.8909031505632092,5.542919590497294
0.428162624002719,-0.36800500759687416,0.4985557233132283,1.426240432955591
0.5319296512725564,1.0,-1.0,7.087705799057911
-1.0,-0.4160848323630044,0.05392382758253489,-1.982949900886771
1.0,0.2100572594895378,0.5407651938131464,7.40935607581072
1.0,0.3287057961988138,-1.0,11.063399780251707
-0.760917310918813,-0.6023938927239552,0.5836320981536547,2.2972853621695526
-0.31783541609151866,0.863970764425859,0.0038841025171576504,1.884507009425882
1.0,0.026930594142454023,0.7666940662059873,8.735687813251069
-1.0,-1.0,0.04857365170353156,8.6841830010752
-0.03554999691908112,-1.0,-0.20205377807968894,3.4132073278265826
0.8935956250480555,-1.0,-1.0,-29.824408346597792
-0.682897031190999,-1.0,0.7584519769149891,3.822247455653727
-0.39467083310585194,0.23101541425849348,-0.006939572803574601,-0.4630918331258826
0.044247410436649925,0.8283480169719746,-0.1931220270109999,2.7907958486731816
0.5141217071849278,0.11939464617771378,0.03062121092317538,0.6626138142034442
0.5423395063247745,0.9207990094969911,-0.11575384644685638,5.516216685087703
1.0,0.4322290137487559,0.06606711265716814,6.138134386093611
0.689446839724893,-0.10741232590544536,0.6368665266190467,2.006470455642703
0.06061456298418899,0.3617611139946615,0.2629870111751027,1.0380779919698342
0.6506464251865884,0.965468409027322,-0.20428134672148812,7.775212685241036
-0.38283554112897544,1.0,-0.23655215641042981,6.41132944245688
-0.01689805416247414,0.9555170987714585,-0.1242804349820954,5.60053427055953
-1.0,-1.0,0.11321345731845378,8.697283888340225
0.41487909968141023,0.20158781335427522,-1.0,-1.9505558033012627
-0.1418662556119099,-0.01097307471599529,-0.5165035125065567,0.653444433520221
0.0016363784003574633,1.0,0.31024145626094457,7.861857773948589
-0.7252246277842462,0.32162242836883803,-0.87023146280155,0.16917288858835688
-0.4826336694027016,0.20174542015041785,0.36300856914295476,-0.6992708511660901
0.393879614063398,1.0,0.021483369587767642,7.011907489776948
-0.44187496329804055,-1.0,-1.0,-13.108650089576214
-0.09579114699758251,0.6052282087339269,0.5557396185878518,0.7666664861181097
-0.8339455382617458,-0.34277522364342095,0.360745693989748,-0.5023617922073844
-1.0,0.13581966352151964,1.0,3.677683425324501
1.0,0.5437124624373968,1.0,23.921290317023473
0.9364105861284033,1.0,0.37641323812709926,10.269356646742938
0.28438423773088806,0.7898543666732984,1.0,6.069225703034708
-0.1486588539111,0.733715937462954,0.39207854748201765,0.3598732383121005
0.7851417673593943,1.0,-0.3331467111501858,10.955835374513615
0.47725912767895506,0.856776426874172,0.8720343218657352,6.457212407695336
0.6587404022795555,-0.2769696523069125,-0.514974517238161,0.9742575927636717
0.39126493057679257,1.0,-0.13251774188629017,9.149601995937308
0.5614909983181344,0.2689961076531804,0.020293937897106096,1.3643460990723792
-0.38726382752178923,-0.8254879206066805,1.0,-1.2702585016804027
1.0,-0.7141238593265811,-0.7433977044017714,2.6198714101137117
1.0,-0.6469658653157955,-0.23085770006481954,2.434282684845771
1.0,-0.16010288938539174,0.29666667173252703,5.1929816447444175
1.0,-1.0,1.0,-9.312640341219694
0.9058835365543516,-1.0,1.0,-7.592600730133253
-0.17912710184227132,0.18594260526219797,-1.0,-3.568986620910018
0.4079588839640069,-0.6269466266849653,0.22973528155844658,1.6163196073412904
0.195648310205923,1.0,-1.0,5.455374167653253
-0.29645219566882597,-0.19530537913645118,0.5054874906051476,0.28105511739822037
-0.48599189235729123,0.5924920995903566,-0.29846092746978803,-1.792537965460436
0.024059756617165418,0.8987445719195672,-0.1489261016808172,3.6597287895863944
-1.0,1.0,0.9914069355294233,15.839424322150142
-0.023538656919109835,0.5168757727257796,-0.9715028765357678,-2.9909803941683397
0.6411002452570234,-0.844222717763959,0.7751094959851335,-1.5506379812598272
1.0,0.6744958129589522,0.8093370048697313,16.42850688476697
0.381477302221227,0.4796411446882132,0.18763230622889937,1.0588421352059616
-0.062462497445776366,0.23943558736818127,0.09413476689268019,0.00933332833485298
0.15268956245881316,-0.6821878659299638,-0.4793142586465702,1.656385189279376
-0.5199905979400714,1.0,1.0,16.68018572394941
0.9771917710718809,-0.7109099042664684,-0.7340002958069691,1.9949526532831592
0.2894013178933559,-0.15572976351154133,1.0,-0.903032131458784
-0.045708017423089276,1.0,-0.6282173775611615,9.335135893599707
-0.025518827737186056,-1.0,-0.0360927015226955,2.6114069327721046
-0.6108161083916197,-0.2154256294092145,-0.33089629314560165,-0.38491985947129054
1.0,-1.0,-0.8251107269472842,-18.195646385024595
0.48954266244874645,0.8380490408342036,-0.13344035811390564,2.1687350822028257
-0.9031485452105783,1.0,-0.7695700238791261,6.6758621221835845
0.8763071555165849,0.5917357870323772,-0.4656781790776958,2.872374570749505
-0.6954793691068064,1.0,0.892801992760498,9.902033918582182
1.0,1.0,-0.48839153890862685,19.90518916007462
-0.40217662712706104,0.5889649313368273,-1.0,-3.6237039364903385
0.9897968823150132,1.0,-0.525144546834015,20.206465686083046
-1.0,-0.055825724954533085,0.3220979172280056,-4.190363901310422
-0.46074552736675445,-0.9510955522492914,-0.5795817160309629,0.42999750458606123
-1.0,0.9982387975848075,0.9409249278698963,11.11172088165724
-0.07039197009354847,0.3048392298210114,0.4677594923726893,0.301736718203265
-0.24544540425402905,-1.0,1.0,-5.862373424215209
0.2911000404106807,-1.0,0.7215557410353954,-1.3981442831837974
1.0,-0.9385676477856522,1.0,-6.530750100368956
-0.6437704224554952,-0.3116797613368807,-1.0,0.5086907290623415
-0.9402336668689768,0.20522918516646693,0.33379993736494606,-3.31001861388962
-0.7914919086988157,0.4755988186873834,0.10106213282162146,-3.0733500060398877
0.5964938108516082,-0.46401478787468076,-0.8870053380970504,-1.379642003284968
0.17375420572280187,-0.6273366008729839,-0.4649228387148745,0.8171950416958851
-1.0,-1.0,0.28231417187289076,10.34179003204142
-0.2537203903655536,-0.5616315228993058,0.11952706620663767,0.6507008630859967
0.3939052410296435,-0.5370668435640307,0.011196766499558697,1.8127174740876408
0.7893163287938854,0.33276455870331967,0.08710443834846093,3.0911139550982583
-1.0,0.5643479911537359,-0.004766938536739707,-3.100815204608061
0.6989676705748347,0.7493539461318302,-1.0,0.20085334672619692
-0.2130595915211444,-0.5778130250852693,-0.0411551359921134,1.3657508056530692
-0.5410232497512368,0.6128963296982084,-0.6857892440546347,-1.4674999769978048
-0.6696616225295249,1.0,0.41665894214850385,4.339584520327692
0.4419916665687069,0.6545736013172649,-0.003100938540162579,1.3788515661663605
1.0,0.24853936681265765,-0.6483788734403111,5.652936518550418
-0.7432395213066081,0.043369367739236164,-0.6279722240638608,0.3755980977867363
-0.8451711252418461,-0.42106936721191857,0.37846103644287665,0.5385969827507706
0.6477039869589851,0.23177517665047076,1.0,1.861935170348198
-0.695994958708464,-0.8451700589466149,0.20756098586275407,3.2229979411401333
0.7192730483502223,-1.0,0.737864325510784,-2.6334112524367757
0.33313600569746393,0.11191297903064545,0.05963224594592598,0.5391590318202298
-1.0,-0.7734116826452253,-0.804511257182555,2.648610971520018
-1.0,-0.679652244220579,0.5160028873425653,4.266649005713376
0.274651721146256,-1.0,0.869751160645863,-4.359611311014398
